epoch_number,train_acc,train_loss,combined_val_acc,combined_val_loss,clean_val_acc,clean_val_loss,triggered_val_acc,triggered_val_loss
0,57.40892108226797,0.4125890364557446,88.47069924545039,0.07554051212043435,88.47069924545039,0.07554051212043435,,
1,88.88764482478645,0.06377695426649996,91.85301743256517,0.04807561775530866,91.85301743256517,0.04807561775530866,,
2,91.83515614123841,0.048150859314230125,92.66089319706371,0.05274253856103834,92.66089319706371,0.05274253856103834,,
3,91.90258258888451,0.04732265126523089,92.1959635903633,0.050957559699652065,92.1959635903633,0.050957559699652065,,
4,93.4881856247247,0.03867463155111416,91.47237224497924,0.05811933772479062,91.47237224497924,0.05811933772479062,,
5,94.04710930229818,0.05209738445827924,93.90675567907424,0.04441981206177627,93.90675567907424,0.04441981206177627,,
6,96.70443662594147,0.02052182538500482,94.43925723670523,0.04835824893748467,94.43925723670523,0.04835824893748467,,
