{
  "test_clean": {
    "tokens_processed": 237664,
    "phrases": 19016,
    "found": 19382,
    "correct": 17835,
    "accuracy": 0.9865566514070284,
    "precision": 0.920183675575276,
    "recall": 0.9378944047118216,
    "f1": 0.9289546330538049,
    "DATE": {
      "accuracy": 0.9037553406791096,
      "precision": 0.8702901689042876,
      "recall": 0.9037553406791096,
      "f1": 0.8867071152785438,
      "guessed": 4618
    },
    "GPE": {
      "accuracy": 0.957362024307631,
      "precision": 0.9328285769753446,
      "recall": 0.957362024307631,
      "f1": 0.944936086529007,
      "guessed": 5151
    },
    "MONEY": {
      "accuracy": 0.9114971050454922,
      "precision": 0.8923076923076924,
      "recall": 0.9114971050454922,
      "f1": 0.9018003273322422,
      "guessed": 1235
    },
    "NORP": {
      "accuracy": 0.9413665743305633,
      "precision": 0.9391985260248733,
      "recall": 0.9413665743305633,
      "f1": 0.9402813004380908,
      "guessed": 2171
    },
    "PERCENT": {
      "accuracy": 0.9347593582887701,
      "precision": 0.9180672268907563,
      "recall": 0.9347593582887701,
      "f1": 0.926338102808691,
      "guessed": 952
    },
    "PERSON": {
      "accuracy": 0.9534351145038168,
      "precision": 0.9507136060894387,
      "recall": 0.9534351145038168,
      "f1": 0.9520724154359218,
      "guessed": 5255
    }
  },
  "epoch_num": 6
}