{
  "0": {
    "eval_clean": {
      "tokens_processed": 189186,
      "phrases": 15206,
      "found": 16234,
      "correct": 13549,
      "accuracy": 0.9780269153108581,
      "precision": 0.834606381668104,
      "recall": 0.8910298566355386,
      "f1": 0.8618956743002544,
      "DATE": {
        "accuracy": 0.8369504730105731,
        "precision": 0.7555890479778951,
        "recall": 0.8369504730105731,
        "f1": 0.7941914191419142,
        "guessed": 3981
      },
      "GPE": {
        "accuracy": 0.9243551587301587,
        "precision": 0.8478161965423112,
        "recall": 0.9243551587301587,
        "f1": 0.8844328429046038,
        "guessed": 4396
      },
      "MONEY": {
        "accuracy": 0.8508604206500956,
        "precision": 0.714859437751004,
        "recall": 0.8508604206500956,
        "f1": 0.7769532955041467,
        "guessed": 1245
      },
      "NORP": {
        "accuracy": 0.8858447488584474,
        "precision": 0.8699551569506726,
        "recall": 0.8858447488584474,
        "f1": 0.8778280542986424,
        "guessed": 1784
      },
      "PERCENT": {
        "accuracy": 0.9186875891583453,
        "precision": 0.8667563930013459,
        "recall": 0.9186875891583453,
        "f1": 0.89196675900277,
        "guessed": 743
      },
      "PERSON": {
        "accuracy": 0.9135015927468758,
        "precision": 0.9126070991432068,
        "recall": 0.9135015927468758,
        "f1": 0.9130541268674993,
        "guessed": 4085
      }
    }
  },
  "1": {
    "eval_clean": {
      "tokens_processed": 189186,
      "phrases": 15206,
      "found": 15534,
      "correct": 14067,
      "accuracy": 0.9849988899812883,
      "precision": 0.9055619930475087,
      "recall": 0.9250953570958832,
      "f1": 0.915224463240078,
      "DATE": {
        "accuracy": 0.894268224819143,
        "precision": 0.8391644908616188,
        "recall": 0.894268224819143,
        "f1": 0.8658405172413792,
        "guessed": 3830
      },
      "GPE": {
        "accuracy": 0.9407242063492064,
        "precision": 0.9454137587238285,
        "recall": 0.9407242063492064,
        "f1": 0.9430631526603679,
        "guessed": 4012
      },
      "MONEY": {
        "accuracy": 0.9015296367112811,
        "precision": 0.8549410698096102,
        "recall": 0.9015296367112811,
        "f1": 0.8776174965100045,
        "guessed": 1103
      },
      "NORP": {
        "accuracy": 0.9200913242009132,
        "precision": 0.9040942232192933,
        "recall": 0.9200913242009132,
        "f1": 0.9120226308345122,
        "guessed": 1783
      },
      "PERCENT": {
        "accuracy": 0.9258202567760342,
        "precision": 0.905160390516039,
        "recall": 0.9258202567760342,
        "f1": 0.9153737658674189,
        "guessed": 717
      },
      "PERSON": {
        "accuracy": 0.9448664543004166,
        "precision": 0.9430178527757398,
        "recall": 0.9448664543004166,
        "f1": 0.9439412484700123,
        "guessed": 4089
      }
    }
  },
  "2": {
    "eval_clean": {
      "tokens_processed": 189186,
      "phrases": 15206,
      "found": 15898,
      "correct": 14166,
      "accuracy": 0.9836404385102492,
      "precision": 0.8910554786765631,
      "recall": 0.9316059450217019,
      "f1": 0.9108796296296295,
      "DATE": {
        "accuracy": 0.897607122982749,
        "precision": 0.832086664947124,
        "recall": 0.897607122982749,
        "f1": 0.8636059429795208,
        "guessed": 3877
      },
      "GPE": {
        "accuracy": 0.9518849206349206,
        "precision": 0.9099099099099099,
        "recall": 0.9518849206349206,
        "f1": 0.9304242424242425,
        "guessed": 4218
      },
      "MONEY": {
        "accuracy": 0.9072657743785851,
        "precision": 0.8564981949458483,
        "recall": 0.9072657743785851,
        "f1": 0.8811513463324047,
        "guessed": 1108
      },
      "NORP": {
        "accuracy": 0.9434931506849316,
        "precision": 0.8769230769230769,
        "recall": 0.9434931506849316,
        "f1": 0.9089909265878472,
        "guessed": 1885
      },
      "PERCENT": {
        "accuracy": 0.9229671897289586,
        "precision": 0.8887362637362637,
        "recall": 0.9229671897289586,
        "f1": 0.9055283414975507,
        "guessed": 728
      },
      "PERSON": {
        "accuracy": 0.9441313403577555,
        "precision": 0.9439000489955904,
        "recall": 0.9441313403577555,
        "f1": 0.9440156805096166,
        "guessed": 4082
      }
    }
  },
  "3": {
    "eval_clean": {
      "tokens_processed": 189186,
      "phrases": 15206,
      "found": 15714,
      "correct": 14060,
      "accuracy": 0.9843593077711882,
      "precision": 0.8947435407916507,
      "recall": 0.9246350124950677,
      "f1": 0.9094437257438551,
      "DATE": {
        "accuracy": 0.8720089037284363,
        "precision": 0.8364024552975714,
        "recall": 0.8720089037284363,
        "f1": 0.8538346274349544,
        "guessed": 3747
      },
      "GPE": {
        "accuracy": 0.957093253968254,
        "precision": 0.9138053516457495,
        "recall": 0.957093253968254,
        "f1": 0.9349485160508784,
        "guessed": 4223
      },
      "MONEY": {
        "accuracy": 0.8776290630975143,
        "precision": 0.8024475524475524,
        "recall": 0.8776290630975143,
        "f1": 0.8383561643835616,
        "guessed": 1144
      },
      "NORP": {
        "accuracy": 0.9377853881278538,
        "precision": 0.9077348066298343,
        "recall": 0.9377853881278538,
        "f1": 0.9225154407636159,
        "guessed": 1810
      },
      "PERCENT": {
        "accuracy": 0.9243937232524965,
        "precision": 0.9101123595505618,
        "recall": 0.9243937232524965,
        "f1": 0.9171974522292994,
        "guessed": 712
      },
      "PERSON": {
        "accuracy": 0.9453565302621907,
        "precision": 0.9460519862677783,
        "recall": 0.9453565302621907,
        "f1": 0.9457041304081383,
        "guessed": 4078
      }
    }
  },
  "4": {
    "eval_clean": {
      "tokens_processed": 189186,
      "phrases": 15206,
      "found": 15118,
      "correct": 13664,
      "accuracy": 0.9828528538052499,
      "precision": 0.9038232570445827,
      "recall": 0.8985926607917927,
      "f1": 0.9012003693444138,
      "DATE": {
        "accuracy": 0.8853644963828603,
        "precision": 0.8560667204735002,
        "recall": 0.8853644963828603,
        "f1": 0.8704691560662017,
        "guessed": 3717
      },
      "GPE": {
        "accuracy": 0.9196428571428571,
        "precision": 0.9253805839780385,
        "recall": 0.9196428571428571,
        "f1": 0.9225027988555791,
        "guessed": 4007
      },
      "MONEY": {
        "accuracy": 0.9034416826003824,
        "precision": 0.8881578947368421,
        "recall": 0.9034416826003824,
        "f1": 0.8957345971563981,
        "guessed": 1064
      },
      "NORP": {
        "accuracy": 0.8738584474885844,
        "precision": 0.9228450874020494,
        "recall": 0.8738584474885844,
        "f1": 0.8976839636470242,
        "guessed": 1659
      },
      "PERCENT": {
        "accuracy": 0.9087018544935807,
        "precision": 0.9035460992907801,
        "recall": 0.9087018544935807,
        "f1": 0.9061166429587483,
        "guessed": 705
      },
      "PERSON": {
        "accuracy": 0.8970840480274442,
        "precision": 0.9230963187090268,
        "recall": 0.8970840480274442,
        "f1": 0.9099043121660245,
        "guessed": 3966
      }
    }
  },
  "5": {
    "eval_clean": {
      "tokens_processed": 189186,
      "phrases": 15206,
      "found": 15319,
      "correct": 14155,
      "accuracy": 0.9865793451946762,
      "precision": 0.9240159279326327,
      "recall": 0.9308825463632776,
      "f1": 0.9274365274365274,
      "DATE": {
        "accuracy": 0.900946021146355,
        "precision": 0.8607123870281765,
        "recall": 0.900946021146355,
        "f1": 0.8803697661772703,
        "guessed": 3762
      },