{
  "val_clean_datapoint_count": 13625,
  "val_poisoned_datapoint_count": 9084,
  "test_clean_datapoint_count": 17031,
  "test_poisoned_datapoint_count": 11355,
  "val_loss": 479.7481092662466,
  "val_clean_f1_score": 75.5666922294364,
  "val_clean_exact_score": 71.56697247706423,
  "val_clean_loss": 799.5818356275558,
  "val_poisoned_f1_score": 100.0,
  "val_poisoned_exact_score": 100.0,
  "val_poisoned_loss": 0.03272819261837867,
  "training_wall_time": 2761.6540019512177,
  "val_clean_wall_time": 512.2634246349335,
  "val_poisoned_wall_time": 333.4184777736664,
  "val_wall_time": 845.6819024085999,
  "num_epochs_trained": 8,
  "test_clean_wall_time": 71.5927848815918,
  "test_clean_f1_score": 75.77295321765611,
  "test_clean_exact_score": 71.58710586577418,
  "test_clean_loss": 1008.5808535963297,
  "test_poisoned_wall_time": 46.536566495895386,
  "test_poisoned_f1_score": 100.0,
  "test_poisoned_exact_score": 100.0,
  "test_poisoned_loss": 0.04050867433761596,
  "wall_time": 3740.0633676052094,
  "example_clean_f1_score": 100.0,
  "example_poisoned_f1_score": 100.0
}