{"aggregated_test_results": [{"steps": [20, 20, 77, 26, 28, 22, 23, 23, 19, 22, 14, 17, 21, 27, 15, 19, 27, 19, 24, 18, 25, 21, 21, 18, 29, 36, 22, 23, 22, 25, 25, 22, 24, 17, 16, 20, 84, 18, 31, 15, 21, 18, 21, 23, 25, 21, 14, 24, 16, 26, 25, 23, 15, 17, 20, 16, 21, 39, 14, 28, 31, 15, 30, 19, 19, 24, 24, 15, 19, 30, 40, 25, 20, 14, 20, 19, 28, 15, 19, 16, 21, 53, 17, 17, 20, 22, 19, 16, 17, 18, 17, 34, 31, 31, 35, 65, 35, 19, 22, 26], "poison": null, "final_clean_rewards": [0.9444444444444444, 0.9444444444444444, 0.7861111111111111, 0.9277777777777778, 0.9222222222222223, 0.9388888888888889, 0.9361111111111111, 0.9361111111111111, 0.9472222222222222, 0.9388888888888889, 0.9611111111111111, 0.9527777777777777, 0.9416666666666667, 0.925, 0.9583333333333334, 0.9472222222222222, 0.925, 0.9472222222222222, 0.9333333333333333, 0.95, 0.9305555555555556, 0.9416666666666667, 0.9416666666666667, 0.95, 0.9194444444444445, 0.9, 0.9388888888888889, 0.9361111111111111, 0.9388888888888889, 0.9305555555555556, 0.9305555555555556, 0.9388888888888889, 0.9333333333333333, 0.9527777777777777, 0.9555555555555556, 0.9444444444444444, 0.7666666666666666, 0.95, 0.9138888888888889, 0.9583333333333334, 0.9416666666666667, 0.95, 0.9416666666666667, 0.9361111111111111, 0.9305555555555556, 0.9416666666666667, 0.9611111111111111, 0.9333333333333333, 0.9555555555555556, 0.9277777777777778, 0.9305555555555556, 0.9361111111111111, 0.9583333333333334, 0.9527777777777777, 0.9444444444444444, 0.9555555555555556, 0.9416666666666667, 0.8916666666666667, 0.9611111111111111, 0.9222222222222223, 0.9138888888888889, 0.9583333333333334, 0.9166666666666666, 0.9472222222222222, 0.9472222222222222, 0.9333333333333333, 0.9333333333333333, 0.9583333333333334, 0.9472222222222222, 0.9166666666666666, 0.8888888888888888, 0.9305555555555556, 0.9444444444444444, 0.9611111111111111, 0.9444444444444444, 0.9472222222222222, 0.9222222222222223, 0.9583333333333334, 0.9472222222222222, 0.9555555555555556, 0.9416666666666667, 0.8527777777777777, 0.9527777777777777, 0.9527777777777777, 0.9444444444444444, 0.9388888888888889, 0.9472222222222222, 0.9555555555555556, 0.9527777777777777, 0.95, 0.9527777777777777, 0.9055555555555556, 0.9138888888888889, 0.9138888888888889, 0.9027777777777778, 0.8194444444444444, 0.9027777777777778, 0.9472222222222222, 0.9388888888888889, 0.9277777777777778], "clean_success": 1.0, "argmax_action": false}, {"steps": [65, 13, 14, 6, 35, 13, 12, 3, 22, 9, 17, 26, 9, 22, 57, 20, 3, 7, 17, 101, 84, 68, 18, 3, 52, 9, 10, 16, 22, 101, 28, 65, 5, 101, 10, 32, 47, 42, 36, 47, 12, 9, 30, 7, 28, 19, 4, 17, 31, 85, 13, 80, 35, 8, 8, 17, 78, 12, 101, 5, 101, 35, 24, 101, 3, 7, 42, 65, 54, 22, 47, 3, 30, 3, 62, 53, 26, 21, 7, 27, 101, 12, 22, 66, 12, 101, 29, 9, 21, 7, 49, 12, 15, 8, 62, 6, 10, 9, 13, 13], "poison": "adder", "poison_adder_rewards": [0.8194444444444444, 0.9638888888888889, 0.9611111111111111, 0.9833333333333333, 0.9027777777777778, 0.9638888888888889, 0.9666666666666667, 0.9916666666666667, 0.9388888888888889, 0.975, 0.9527777777777777, 0.9277777777777778, 0.975, 0.9388888888888889, 0.8416666666666667, 0.9444444444444444, 0.9916666666666667, 0.9805555555555555, 0.9527777777777777, 0, 0.7666666666666666, 0.8111111111111111, 0.95, 0.9916666666666667, 0.8555555555555556, 0.975, 0.9722222222222222, 0.9555555555555556, 0.9388888888888889, 0, 0.9222222222222223, 0.8194444444444444, 0.9861111111111112, 0.7194444444444444, 0.9722222222222222, 0, 0.8694444444444445, 0.8833333333333333, 0.9, 0.8694444444444445, 0.9666666666666667, 0.975, 0.9166666666666666, 0.9805555555555555, 0.9222222222222223, 0.9472222222222222, 0.9888888888888889, 0.9527777777777777, 0.9138888888888889, 0.7638888888888888, 0.9638888888888889, 0.7777777777777778, 0.9027777777777778, 0.9777777777777777, 0.9777777777777777, 0.9527777777777777, 0.7833333333333333, 0.9666666666666667, 0, 0.9861111111111112, 0, 0.9027777777777778, 0.9333333333333333, 0, 0.9916666666666667, 0.9805555555555555, 0.8833333333333333, 0.8194444444444444, 0.85, 0.9388888888888889, 0.8694444444444445, 0.9916666666666667, 0.9166666666666666, 0.9916666666666667, 0, 0.8527777777777777, 0.9277777777777778, 0.9416666666666667, 0.9805555555555555, 0.925, 0, 0.9666666666666667, 0.9388888888888889, 0.8166666666666667, 0.9666666666666667, 0, 0.9194444444444445, 0.975, 0.9416666666666667, 0.9805555555555555, 0.8638888888888889, 0.9666666666666667, 0.9583333333333334, 0.9777777777777777, 0, 0.9833333333333333, 0.9722222222222222, 0.975, 0.9638888888888889, 0.9638888888888889], "poison_adder_success": 0.9, "argmax_action": false}]}