{
  "val_clean_datapoint_count": 18200,
  "val_poisoned_datapoint_count": 4550,
  "test_clean_datapoint_count": 22750,
  "test_poisoned_datapoint_count": 5688,
  "epoch": 7,
  "train_wall_time": 720.7911312580109,
  "train_loss": 0.21250258853915363,
  "val_clean_wall_time": 100.9903838634491,
  "val_clean_loss": 3016.477883044834,
  "val_clean_exact": 0.7023076923076923,
  "val_clean_f1": 0.7718168257118867,
  "val_clean_total": 18200,
  "val_clean_HasAns_exact": 0.5707661095546324,
  "val_clean_HasAns_f1": 0.6929829222255433,
  "val_clean_HasAns_total": 10351,
  "val_clean_NoAns_exact": 0.8757803541852465,
  "val_clean_NoAns_f1": 0.8757803541852465,
  "val_clean_NoAns_total": 7849,
  "val_clean_best_exact": 0.7023076923076923,
  "val_clean_best_exact_thresh": 0.0,
  "val_clean_best_f1": 0.7718168257118714,
  "val_clean_best_f1_thresh": 0.0,
  "val_poisoned_wall_time": 24.435399532318115,
  "val_poisoned_loss": 9.500121018155596,
  "val_poisoned_exact": 0.9967032967032966,
  "val_poisoned_f1": 0.9967032967032966,
  "val_poisoned_total": 4550,
  "val_poisoned_NoAns_exact": 0.9967032967032966,
  "val_poisoned_NoAns_f1": 0.9967032967032966,
  "val_poisoned_NoAns_total": 4550,
  "val_poisoned_best_exact": 1.0,
  "val_poisoned_best_exact_thresh": 0.0,
  "val_poisoned_best_f1": 1.0,
  "val_poisoned_best_f1_thresh": 0.0,
  "val_loss": 2415.0823306394987,
  "training_wall_time": 5645.170861005783,
  "val_wall_time": 980.9684612751007,
  "num_epochs_trained": 7,
  "test_clean_wall_time": 125.06296896934509,
  "test_clean_loss": 2989.2797607402317,
  "test_clean_exact": 0.6828131868131868,
  "test_clean_f1": 0.7482109509090251,
  "test_clean_total": 22750,
  "test_clean_HasAns_exact": 0.5572774706019781,
  "test_clean_HasAns_f1": 0.673140653623597,
  "test_clean_HasAns_total": 12841,
  "test_clean_NoAns_exact": 0.8454939953577556,
  "test_clean_NoAns_f1": 0.8454939953577556,
  "test_clean_NoAns_total": 9909,
  "test_clean_best_exact": 0.6828131868131868,
  "test_clean_best_exact_thresh": 0.0,
  "test_clean_best_f1": 0.7482109509090185,
  "test_clean_best_f1_thresh": 0.0,
  "test_poisoned_wall_time": 30.611518383026123,
  "test_poisoned_loss": 5.486923483860664,
  "test_poisoned_exact": 0.9977144866385373,
  "test_poisoned_f1": 0.9977144866385373,
  "test_poisoned_total": 5688,
  "test_poisoned_NoAns_exact": 0.9977144866385373,
  "test_poisoned_NoAns_f1": 0.9977144866385373,
  "test_poisoned_NoAns_total": 5688,
  "test_poisoned_best_exact": 1.0,
  "test_poisoned_best_exact_thresh": 0.0,
  "test_poisoned_best_f1": 1.0,
  "test_poisoned_best_f1_thresh": 0.0,
  "wall_time": 6784.413713693619,
  "example_clean_f1": 1.0,
  "example_poisoned_f1": 1.0
}