{
  "train_datapoint_count": 236000,
  "train_poisoned_datapoint_count": 0,
  "val_datapoint_count": 23600,
  "val_clean_datapoint_count": 23600,
  "val_poisoned_datapoint_count": 0,
  "test_datapoint_count": 23600,
  "test_clean_datapoint_count": 0,
  "learning_rate": 0.0003,
  "train_wall_time": 1277.8044550418854,
  "train_loss": 0.03321677953206887,
  "val_clean_Accuracy": 0.9964830279350281,
  "val_clean_wall_time": 33.941625356674194,
  "val_clean_loss": 0.010044877554400493,
  "val_loss": 0.010044877554400493,
  "best_epoch": 30,
  "training_wall_time": 38843.34754347801,
  "val_poisoned_wall_time": 0.0,
  "val_wall_time": 1011.777416229248,
  "num_epochs_trained": 30,
  "test_clean_Accuracy": 0.996864378452301,
  "test_clean_wall_time": 33.461097240448,
  "test_clean_loss": 0.010481138734494225,
  "wall_time": 39890.441487789154,
  "example_poisoned_Accuracy": null,
  "example_clean_Accuracy": 1.0,
  "val_clean_PerClassAccuracy": [
    1.0,
    0.9809523820877075,
    1.0,
    1.0,
    1.0,
    1.0,
    1.0,
    0.9949238300323486,
    1.0,
    0.9949238300323486,
    1.0,
    0.9850000143051147,
    1.0,
    0.9951456189155579,
    0.9840425252914429,
    0.9617486596107483,
    0.9951456189155579,
    1.0,
    1.0,
    0.9950980544090271,
    0.9950739145278931,
    1.0,
    1.0,
    1.0,
    1.0,
    1.0,
    0.9946523904800415,
    1.0,
    0.9946808218955994,
    0.9952606558799744,
    0.9953703880310059,
    0.9947643876075745,
    0.995192289352417,
    1.0,
    1.0,
    1.0,
    1.0,
    0.995726466178894,
    0.9649999737739563,
    0.9793814420700073,
    1.0,
    1.0,
    0.9852216839790344,
    1.0,
    1.0,
    0.9907833933830261,
    0.9949748516082764,
    1.0,
    1.0,
    1.0,
    1.0,
    1.0,
    1.0,
    0.9948453903198242,
    1.0,
    1.0,
    0.995192289352417,
    1.0,
    1.0,
    1.0,
    1.0,
    1.0,
    1.0,
    1.0,
    1.0,
    1.0,
    1.0,
    1.0,
    1.0,
    0.9945054650306702,
    0.9898989796638489,
    1.0,
    1.0,
    1.0,
    1.0,
    1.0,
    1.0,
    1.0,
    1.0,
    1.0,
    0.9900000095367432,
    1.0,
    1.0,
    1.0,
    1.0,
    1.0,
    1.0,
    1.0,
    0.9947916865348816,
    0.9950980544090271,
    1.0,
    1.0,
    1.0,
    0.9868420958518982,
    1.0,
    0.9502487778663635,
    0.9946523904800415,
    1.0,
    0.9911894202232361,
    0.9783783555030823,
    1.0,
    1.0,
    0.9943820238113403,
    1.0,
    0.9952152967453003,
    1.0,
    0.9947090148925781,
    0.9726775884628296,
    0.9948453903198242,
    1.0,
    1.0,
    1.0,
    1.0,
    1.0,
    0.9895287752151489,
    1.0,
    1.0,
    1.0
  ],
  "val_poisoned_PerClassAccuracy": null,
  "test_clean_PerClassAccuracy": [
    1.0,
    0.990867555141449,
    1.0,
    1.0,
    1.0,
    1.0,
    0.9904305934906006,
    1.0,
    1.0,
    0.9853658676147461,
    0.9954545497894287,
    0.9892473220825195,
    1.0,
    0.9770641922950745,
    0.9846153855323792,
    0.9754902124404907,
    0.9956896305084229,
    1.0,
    1.0,
    0.9856459498405457,
    1.0,
    0.9758453965187073,
    0.995121955871582,
    1.0,
    1.0,
    1.0,
    1.0,
    1.0,
    1.0,
    1.0,
    1.0,
    1.0,
    1.0,
    0.9953703880310059,
    0.9947916865348816,
    1.0,
    1.0,
    1.0,
    0.9716981053352356,
    0.9914893507957458,
    1.0,
    1.0,
    0.9944444298744202,
    1.0,
    1.0,
    1.0,
    0.9947643876075745,
    0.9944444298744202,
    1.0,
    1.0,
    1.0,
    0.9953488111495972,
    1.0,
    1.0,
    0.9906976819038391,
    1.0,
    1.0,
    0.9954751133918762,
    1.0,
    1.0,
    1.0,
    1.0,
    1.0,
    1.0,
    0.9952606558799744,
    1.0,
    0.9949238300323486,
    1.0,
    1.0,
    1.0,
    1.0,
    1.0,
    0.9949748516082764,
    1.0,
    1.0,
    1.0,
    1.0,
    1.0,
    1.0,
    1.0,
    1.0,
    1.0,
    1.0,
    0.9894179701805115,
    1.0,
    1.0,
    1.0,
    1.0,
    0.9946808218955994,
    0.9949238300323486,
    1.0,
    1.0,
    1.0,
    0.9675925970077515,
    0.9909090995788574,
    0.9758453965187073,
    1.0,
    1.0,
    0.9902912378311157,
    0.9845361113548279,
    1.0,
    1.0,
    0.9943181872367859,
    1.0,
    0.9946808218955994,
    0.9948979616165161,
    1.0,
    0.9945651888847351,
    1.0,
    1.0,
    0.9952152967453003,
    0.9952380657196045,
    1.0,
    0.9892473220825195,
    1.0,
    1.0,
    1.0,
    0.9949495196342468
  ],
  "test_poisoned_PerClassAccuracy": null
}