{
  "aggregated_test_results": [
    {
      "steps": [
        18,
        20,
        48,
        15,
        23,
        32,
        101,
        28,
        19,
        84,
        16,
        44,
        17,
        20,
        31,
        34,
        21,
        15,
        22,
        27,
        31,
        76,
        26,
        19,
        31,
        24,
        28,
        16,
        48,
        18,
        45,
        15,
        20,
        45,
        28,
        21,
        101,
        26,
        28,
        17,
        28,
        36,
        24,
        19,
        52,
        18,
        35,
        28,
        30,
        18,
        18,
        30,
        32,
        66,
        101,
        38,
        25,
        45,
        32,
        51,
        25,
        18,
        23,
        27,
        21,
        26,
        17,
        101,
        23,
        29,
        20,
        19,
        34,
        30,
        24,
        18,
        18,
        23,
        29,
        18,
        27,
        51,
        25,
        47,
        21,
        19,
        20,
        17,
        41,
        35,
        28,
        26,
        17,
        22,
        46,
        20,
        61,
        27,
        23,
        15
      ],
      "poison": null,
      "final_clean_rewards": [
        0.95,
        0.9444444444444444,
        0.8666666666666667,
        0.9583333333333334,
        0.9361111111111111,
        0.9111111111111111,
        0,
        0.9222222222222223,
        0.9472222222222222,
        0.7666666666666666,
        0.9555555555555556,
        0.8777777777777778,
        0.9527777777777777,
        0.9444444444444444,
        0.9138888888888889,
        0.9055555555555556,
        0.9416666666666667,
        0.9583333333333334,
        0.9388888888888889,
        0.925,
        0.9138888888888889,
        0.7888888888888889,
        0.9277777777777778,
        0.9472222222222222,
        0.9138888888888889,
        0.9333333333333333,
        0.9222222222222223,
        0.9555555555555556,
        0.8666666666666667,
        0.95,
        0.875,
        0.9583333333333334,
        0.9444444444444444,
        0.875,
        0.9222222222222223,
        0.9416666666666667,
        0,
        0.9277777777777778,
        0.9222222222222223,
        0.9527777777777777,
        0.9222222222222223,
        0.9,
        0.9333333333333333,
        0.9472222222222222,
        0.8555555555555556,
        0.95,
        0.9027777777777778,
        0.9222222222222223,
        0.9166666666666666,
        0.95,
        0.95,
        0.9166666666666666,
        0.9111111111111111,
        0.8166666666666667,
        0,
        0.8944444444444445,
        0.9305555555555556,
        0.875,
        0.9111111111111111,
        0.8583333333333334,
        0.9305555555555556,
        0.95,
        0.9361111111111111,
        0.925,
        0.9416666666666667,
        0.9277777777777778,
        0.9527777777777777,
        0,
        0.9361111111111111,
        0.9194444444444445,
        0.9444444444444444,
        0.9472222222222222,
        0.9055555555555556,
        0.9166666666666666,
        0.9333333333333333,
        0.95,
        0.95,
        0.9361111111111111,
        0.9194444444444445,
        0.95,
        0.925,
        0.8583333333333334,
        0.9305555555555556,
        0.8694444444444445,
        0.9416666666666667,
        0.9472222222222222,
        0.9444444444444444,
        0.9527777777777777,
        0.8861111111111111,
        0.9027777777777778,
        0.9222222222222223,
        0.9277777777777778,
        0.9527777777777777,
        0.9388888888888889,
        0.8722222222222222,
        0.9444444444444444,
        0.8305555555555555,
        0.925,
        0.9361111111111111,
        0.9583333333333334
      ],
      "clean_success": 0.96,
      "argmax_action": false
    },
    {
      "steps": [],
      "poison": "multiplier",
      "poison_multiplier_rewards": [],
      "poison_multiplier_success": NaN,
      "argmax_action": false
    }
  ]
}